[Header],,,,,,,,,,,,
FileFormatVersion,2,,,,,,,,,,,
Investigator Name,SA,,,,,,,,,,,
RunName,231017_01,,,,,,,,,,,
Date,45219,,,,,,,,,,,
InstrumentType,NovaSeq6000,,,,,,,,,,,
InstrumentPlatform,...,,,,,,,,,,,
Assay,TSO500,,,,,,,,,,,
Index Adapters,UMI DNA/RNA UD Indexes Set A,,,,,,,,,,,
[Reads],,,,,,,,,,,,
Read1Cycles,101,,,,,,,,,,,
Read2Cycles,101,,,,,,,,,,,
Index1Cycles,10,,,,,,,,,,,
Index2Cycles,10,,,,,,,,,,,
[TSO500S_Settings],,,,,,,,,,,,
SoftwareVersion,1.0.0,,,,,,,,,,,
AdapterRead1,CTGTCTCTTATACACATCTCCGAGCCCACGAGAC,,,,,,,,,,,
AdapterRead2,CTGTCTCTTATACACATCTGACGCTGCCGACGA,,,,,,,,,,,
AdapterBehavior,trim,,,,,,,,,,,
MinimumTrimmedReadLength,35,,,,,,,,,,,
MaskShortReads,35,,,,,,,,,,,
OverrideCycles,U7N1Y93;I10;I10;U7N1Y93,,,,,,,,,,,
[NSWHP],,,,,,,,,,,,
Sequencing Site,JHH,,,,,,,,,,,
Instrument ID,A00532,,,,,,,,,,,
[TSO500S_Data],,,,,,,,,,,,
Sample_ID,Sample_Name,Sample_Plate,Sample_Well,Index_ID,index,index2,I7_Index_ID,I5_Index_ID,Project,Description,Pair_ID,Sample_Type
604825856-20221012-D,604825856-20221012-D,,,UDP0065,TAATGTGTCT,TATGCCTTAC,UDP0065,UDP0065,,604825856-DNA,604825856,DNA
604825863-20221012-D,604825863-20221012-D,,,UDP0066,ATACCAACGC,CGCAGCAATT,UDP0066,UDP0066,,604825863-DNA,604825863,DNA
604825887-20221012-D,604825887-20221012-D,,,UDP0067,AGGATGTGCT,GGAATTGTAA,UDP0067,UDP0067,,604825887-DNA,604825887,DNA
616510245-20221012-D,616510245-20221012-D,,,UDP0068,CACGGAACAA,GTGCTAGGTT,UDP0068,UDP0068,,616510245-DNA,616510245,DNA
616510252-20221012-D,616510252-20221012-D,,,UDP0069,TGGAGTACTT,TCCACACAGA,UDP0069,UDP0069,,616510252-DNA,616510252,DNA
604825900-20221012-D,604825900-20221012-D,,,UDP0070,GTATTGACGT,TTGGAATTCC,UDP0070,UDP0070,,604825900-DNA,604825900,DNA
604826013-20221012-D,604826013-20221012-D,,,UDP0071,CTTGTACACC,AAGCGCGCTT,UDP0071,UDP0071,,604826013-DNA,604826013,DNA
604826020-20221012-D,604826020-20221012-D,,,UDP0072,ACACAGGTGG,ACAACGCTCA,UDP0072,UDP0072,,604826020-DNA,604826020,DNA
616510344-20221012-D,616510344-20221012-D,,,UDP0073,CCTGCGGAAC,AGCCTATGAT,UDP0073,UDP0073,,616510344-DNA,616510344,DNA
616510351-20221012-D,616510351-20221012-D,,,UDP0074,TTCATAAGGT,CCTTCTAACA,UDP0074,UDP0074,,616510351-DNA,616510351,DNA
616510368-20221012-D,616510368-20221012-D,,,UDP0075,CTCTGCAGCG,TACATCCATC,UDP0075,UDP0075,,616510368-DNA,616510368,DNA
616510375-20221012-D,616510375-20221012-D,,,UDP0076,CTGACTCTAC,TGACGGCCGT,UDP0076,UDP0076,,616510375-DNA,616510375,DNA
616510382-20221012-D,616510382-20221012-D,,,UDP0077,TCTGGTATCC,GTAAGCAACG,UDP0077,UDP0077,,616510382-DNA,616510382,DNA
616510399-20221012-D,616510399-20221012-D,,,UDP0078,CATTAGTGCG,TATGTAGTCA,UDP0078,UDP0078,,616510399-DNA,616510399,DNA
616510405-20221012-D,616510405-20221012-D,,,UDP0079,ACGGTCAGGA,AACGAGGCCG,UDP0079,UDP0079,,616510405-DNA,616510405,DNA
NTC-20221012-D,NTC-20221012-D,,,UDP0080,GGCAAGCCAG,CGGATGCTTG,UDP0080,UDP0080,,NTC-DNA,NTC,DNA
604825856-20221012-R,604825856-20221012-R,,,UDP0081,TGTCGCTGGT,AGTCAGACGA,UDP0081,UDP0081,,604825856-RNA,604825856,RNA
604825863-20221012-R,604825863-20221012-R,,,UDP0082,ACCGTTACAA,TCGCTATGAG,UDP0082,UDP0082,,604825863-RNA,604825863,RNA
604825887-20221012-R,604825887-20221012-R,,,UDP0083,TATGCCTTAC,TAATGTGTCT,UDP0083,UDP0083,,604825887-RNA,604825887,RNA
616510245-20221012-R,616510245-20221012-R,,,UDP0084,ACAAGTGGAC,AACATCGCGC,UDP0084,UDP0084,,616510245-RNA,616510245,RNA
616510252-20221012-R,616510252-20221012-R,,,UDP0085,TGGTACCTAA,AGTACTCATG,UDP0085,UDP0085,,616510252-RNA,616510252,RNA
604825900-20221012-R,604825900-20221012-R,,,UDP0086,TTGGAATTCC,GTATTGACGT,UDP0086,UDP0086,,604825900-RNA,604825900,RNA
604826013-20221012-R,604826013-20221012-R,,,UDP0087,CCTCTACATG,AGGAGGTATC,UDP0087,UDP0087,,604826013-RNA,604826013,RNA
604826020-20221012-R,604826020-20221012-R,,,UDP0088,GGAGCGTGTA,ACTTACGGAT,UDP0088,UDP0088,,604826020-RNA,604826020,RNA
616510344-20221012-R,616510344-20221012-R,,,UDP0089,GTCCGTAAGC,AAGATACACG,UDP0089,UDP0089,,616510344-RNA,616510344,RNA
616510351-20221012-R,616510351-20221012-R,,,UDP0090,ACTTCAAGCG,TTCATGGTTC,UDP0090,UDP0090,,616510351-RNA,616510351,RNA
616510368-20221012-R,616510368-20221012-R,,,UDP0091,TCAGAAGGCG,TATGATGGCC,UDP0091,UDP0091,,616510368-RNA,616510368,RNA
616510375-20221012-R,616510375-20221012-R,,,UDP0092,GCGTTGGTAT,GGAAGTATGT,UDP0092,UDP0092,,616510375-RNA,616510375,RNA
616510382-20221012-R,616510382-20221012-R,,,UDP0093,ACATATCCAG,ATTGCACATA,UDP0093,UDP0093,,616510382-RNA,616510382,RNA
616510399-20221012-R,616510399-20221012-R,,,UDP0094,TCATAGATTG,CACCTTAATC,UDP0094,UDP0094,,616510399-RNA,616510399,RNA
616510405-20221012-R,616510405-20221012-R,,,UDP0095,GTATTCCACC,TTGTCTACAT,UDP0095,UDP0095,,616510405-RNA,616510405,RNA
NTC-20221012-R,NTC-20221012-R,,,UDP0096,CCTCCGTCCA,CACCGATGTG,UDP0096,UDP0096,,NTC-RNA,NTC,RNA
[BCLConvert_Settings],,,,,,,,,,,,
SoftwareVersion,3.6.3,,,,,,,,,,,
AdapterRead1,CTGTCTCTTATACACATCTCCGAGCCCACGAGAC,,,,,,,,,,,
AdapterRead2,CTGTCTCTTATACACATCTGACGCTGCCGACGA,,,,,,,,,,,
MinimumTrimmedReadLength,35,,,,,,,,,,,
MaskShortReads,35,,,,,,,,,,,
OverrideCycles,U7N1Y93;I10;I10;U7N1Y93,,,,,,,,,,,
[BCLConvert_Data],,,,,,,,,,,,
Sample_ID,index,index2,,,,,,,,,,
604825856-20221012-D,TAATGTGTCT,TATGCCTTAC,,,,,,,,,,
604825863-20221012-D,ATACCAACGC,CGCAGCAATT,,,,,,,,,,
604825887-20221012-D,AGGATGTGCT,GGAATTGTAA,,,,,,,,,,
616510245-20221012-D,CACGGAACAA,GTGCTAGGTT,,,,,,,,,,
616510252-20221012-D,TGGAGTACTT,TCCACACAGA,,,,,,,,,,
604825900-20221012-D,GTATTGACGT,TTGGAATTCC,,,,,,,,,,
604826013-20221012-D,CTTGTACACC,AAGCGCGCTT,,,,,,,,,,
604826020-20221012-D,ACACAGGTGG,ACAACGCTCA,,,,,,,,,,
616510344-20221012-D,CCTGCGGAAC,AGCCTATGAT,,,,,,,,,,
616510351-20221012-D,TTCATAAGGT,CCTTCTAACA,,,,,,,,,,
616510368-20221012-D,CTCTGCAGCG,TACATCCATC,,,,,,,,,,
616510375-20221012-D,CTGACTCTAC,TGACGGCCGT,,,,,,,,,,
616510382-20221012-D,TCTGGTATCC,GTAAGCAACG,,,,,,,,,,
616510399-20221012-D,CATTAGTGCG,TATGTAGTCA,,,,,,,,,,
616510405-20221012-D,ACGGTCAGGA,AACGAGGCCG,,,,,,,,,,
NTC-20221012-D,GGCAAGCCAG,CGGATGCTTG,,,,,,,,,,
604825856-20221012-R,TGTCGCTGGT,AGTCAGACGA,,,,,,,,,,
604825863-20221012-R,ACCGTTACAA,TCGCTATGAG,,,,,,,,,,
604825887-20221012-R,TATGCCTTAC,TAATGTGTCT,,,,,,,,,,
616510245-20221012-R,ACAAGTGGAC,AACATCGCGC,,,,,,,,,,
616510252-20221012-R,TGGTACCTAA,AGTACTCATG,,,,,,,,,,
604825900-20221012-R,TTGGAATTCC,GTATTGACGT,,,,,,,,,,
604826013-20221012-R,CCTCTACATG,AGGAGGTATC,,,,,,,,,,
604826020-20221012-R,GGAGCGTGTA,ACTTACGGAT,,,,,,,,,,
616510344-20221012-R,GTCCGTAAGC,AAGATACACG,,,,,,,,,,
616510351-20221012-R,ACTTCAAGCG,TTCATGGTTC,,,,,,,,,,
616510368-20221012-R,TCAGAAGGCG,TATGATGGCC,,,,,,,,,,
616510375-20221012-R,GCGTTGGTAT,GGAAGTATGT,,,,,,,,,,
616510382-20221012-R,ACATATCCAG,ATTGCACATA,,,,,,,,,,
616510399-20221012-R,TCATAGATTG,CACCTTAATC,,,,,,,,,,
616510405-20221012-R,GTATTCCACC,TTGTCTACAT,,,,,,,,,,
NTC-20221012-R,CCTCCGTCCA,CACCGATGTG,,,,,,,,,,
