[Header],,,,,,,,
IEMFileVersion,4,,,,,,,
Investigator Name,User Name,,,,,,,
Experiment Name,Experiment,,,,,,,
Date,4/10/2019,,,,,,,
Workflow,GenerateFASTQ,,,,,,,
Application,NovaSeq,,,,,,,
Assay,,,,,,,,
Description,,,,,,,,
Chemistry,Default,,,,,,,
,,,,,,,,
[Reads],,,,,,,,
101,,,,,,,,
101,,,,,,,,
,,,,,,,,
[Settings],,,,,,,,
AdapterRead1,CTGTCTCTTATACACATCTCCGAGCCCACGAGAC,,,,,,,
AdapterRead2,CTGTCTCTTATACACATCTGACGCTGCCGACGA,,,,,,,
AdapterBehavior,trim,,,,,,,
MinimumTrimmedReadLength,35,,,,,,,
MaskShortReads,35,,,,,,,
OverrideCycles,U7N1Y93;I10;I10;U7N1Y93,,,,,,,
,,,,,,,,
[Data],,,,,,,,
Sample_ID,Sample_Name,Sample_Plate,Sample_Well,Index_ID,index,index2,Sample_Type,Pair_ID
Test_Sample_UDP0001,,,,UDP0001,GAACTGAGCG,CGCTCCACGA,DNA,Test_Sample_UDP0001
Test_Sample_UDP0002,,,,UDP0002,AGGTCAGATA,TATCTTGTAG,DNA,Test_Sample_UDP0002
Test_Sample_UDP0003,,,,UDP0003,CGTCTCATAT,AGCTACTATA,DNA,Test_Sample_UDP0003
Test_Sample_UDP0004,,,,UDP0004,ATTCCATAAG,CCACCAGGCA,DNA,Test_Sample_UDP0004
Test_Sample_UDP0005,,,,UDP0005,GACGAGATTA,AGGATAATGT,DNA,Test_Sample_UDP0005
Test_Sample_UDP0006,,,,UDP0006,AACATCGCGC,ACAAGTGGAC,DNA,Test_Sample_UDP0006
Test_Sample_UDP0007,,,,UDP0007,CTAGTGCTCT,TACTGTTCCA,DNA,Test_Sample_UDP0007
Test_Sample_UDP0008,,,,UDP0008,GATCAAGGCA,ATTAACAAGG,DNA,Test_Sample_UDP0008
Test_Sample_UDP0009,,,,UDP0009,GACTGAGTAG,CACTATCAAC,DNA,Test_Sample_UDP0009
Test_Sample_UDP0010,,,,UDP0010,AGTCAGACGA,TGTCGCTGGT,DNA,Test_Sample_UDP0010
Test_Sample_UDP0011,,,,UDP0011,CCGTATGTTC,ACAGTGTATG,DNA,Test_Sample_UDP0011
Test_Sample_UDP0012,,,,UDP0012,GAGTCATAGG,AGCGCCACAC,DNA,Test_Sample_UDP0012
Test_Sample_UDP0013,,,,UDP0013,CTTGCCATTA,CCTTCGTGAT,DNA,Test_Sample_UDP0013
Test_Sample_UDP0014,,,,UDP0014,GAAGCGGCAC,AGTAGAGCCG,DNA,Test_Sample_UDP0014
Test_Sample_UDP0015,,,,UDP0015,TCCATTGCCG,TCGTGCATTC,DNA,Test_Sample_UDP0015
Test_Sample_UDP0016,,,,UDP0016,CGGTTACGGC,CTATAGTCTT,DNA,Test_Sample_UDP0016
Test_Sample_UDP0017,,,,UDP0017,GAGAATGGTT,TTGCTGCCGA,DNA,Test_Sample_UDP0017
Test_Sample_UDP0018,,,,UDP0018,AGAGGCAACC,CCATCATTAG,DNA,Test_Sample_UDP0018
Test_Sample_UDP0019,,,,UDP0019,CCATCATTAG,AGAGGCAACC,DNA,Test_Sample_UDP0019
Test_Sample_UDP0020,,,,UDP0020,GATAGGCCGA,GCCATGTGCG,DNA,Test_Sample_UDP0020
Test_Sample_UDP0021,,,,UDP0021,ATGGTTGACT,AGGACAGGCC,DNA,Test_Sample_UDP0021
Test_Sample_UDP0022,,,,UDP0022,TATTGCGCTC,CCTAACACAG,DNA,Test_Sample_UDP0022
Test_Sample_UDP0023,,,,UDP0023,ACGCCTTGTT,ACGTTCCTTA,DNA,Test_Sample_UDP0023
Test_Sample_UDP0024,,,,UDP0024,TTCTACATAC,TTACAGTTAG,DNA,Test_Sample_UDP0024
Test_Sample_UDP0025,,,,UDP0025,AACCATAGAA,CCATCTCGCC,DNA,Test_Sample_UDP0025
Test_Sample_UDP0026,,,,UDP0026,GGTTGCGAGG,TTGCTCTATT,DNA,Test_Sample_UDP0026
Test_Sample_UDP0027,,,,UDP0027,TAAGCATCCA,AATGGATTGA,DNA,Test_Sample_UDP0027
Test_Sample_UDP0028,,,,UDP0028,ACCACGACAT,CCGCATACGA,DNA,Test_Sample_UDP0028
Test_Sample_UDP0029,,,,UDP0029,GCCGCACTCT,CGAGGTCGGA,DNA,Test_Sample_UDP0029
Test_Sample_UDP0030,,,,UDP0030,CCACCAGGCA,ATTCCATAAG,DNA,Test_Sample_UDP0030
Test_Sample_UDP0031,,,,UDP0031,GTGACACGCA,GTCCGTAAGC,DNA,Test_Sample_UDP0031
Test_Sample_UDP0032,,,,UDP0032,ACAGTGTATG,CCGTATGTTC,DNA,Test_Sample_UDP0032
Test_Sample_UDP0033,,,,UDP0033,TGATTATACG,TGTAATCGAC,DNA,Test_Sample_UDP0033
Test_Sample_UDP0034,,,,UDP0034,CAGCCGCGTA,CACGGCTAGT,DNA,Test_Sample_UDP0034
Test_Sample_UDP0035,,,,UDP0035,GGTAACTCGC,TCACCAACTT,DNA,Test_Sample_UDP0035
Test_Sample_UDP0036,,,,UDP0036,ACCGGCCGTA,AATATTGCCA,DNA,Test_Sample_UDP0036
Test_Sample_UDP0037,,,,UDP0037,TGTAATCGAC,CGCGGTGATC,DNA,Test_Sample_UDP0037
Test_Sample_UDP0038,,,,UDP0038,GTGCAGACAG,ACGGATGGTA,DNA,Test_Sample_UDP0038
Test_Sample_UDP0039,,,,UDP0039,CAATCGGCTG,TTCCTACAGC,DNA,Test_Sample_UDP0039
Test_Sample_UDP0040,,,,UDP0040,TATGTAGTCA,CATTAGTGCG,DNA,Test_Sample_UDP0040
Test_Sample_UDP0041,,,,UDP0041,ACTCGGCAAT,TTCAGTTGTC,DNA,Test_Sample_UDP0041
Test_Sample_UDP0042,,,,UDP0042,GTCTAATGGC,CCTGACCACT,DNA,Test_Sample_UDP0042
Test_Sample_UDP0043,,,,UDP0043,CCATCTCGCC,AACCATAGAA,DNA,Test_Sample_UDP0043
Test_Sample_UDP0044,,,,UDP0044,CTGCGAGCCA,TGGCCGGATT,DNA,Test_Sample_UDP0044
Test_Sample_UDP0045,,,,UDP0045,CGTTATTCTA,AACCTTATGG,DNA,Test_Sample_UDP0045
Test_Sample_UDP0046,,,,UDP0046,AGATCCATTA,TGGTAGAGAT,DNA,Test_Sample_UDP0046
Test_Sample_UDP0047,,,,UDP0047,GTCCTGGATA,TTCGCCACCG,DNA,Test_Sample_UDP0047
Test_Sample_UDP0048,,,,UDP0048,CAGTGGCACT,CCTATTGTTA,DNA,Test_Sample_UDP0048
Test_Sample_UDP0049,,,,UDP0049,AGTGTTGCAC,CGTGTACCAG,DNA,Test_Sample_UDP0049
Test_Sample_UDP0050,,,,UDP0050,GACACCATGT,TACACGTTGA,DNA,Test_Sample_UDP0050
Test_Sample_UDP0051,,,,UDP0051,CCTGTCTGTC,TCACAACAGT,DNA,Test_Sample_UDP0051
Test_Sample_UDP0052,,,,UDP0052,TGATGTAAGA,AAGGACGCAC,DNA,Test_Sample_UDP0052
Test_Sample_UDP0053,,,,UDP0053,GGAATTGTAA,AGGATGTGCT,DNA,Test_Sample_UDP0053
Test_Sample_UDP0054,,,,UDP0054,GCATAAGCTT,TGCGACGGAA,DNA,Test_Sample_UDP0054
Test_Sample_UDP0055,,,,UDP0055,CTGAGGAATA,AGTGGTTAAG,DNA,Test_Sample_UDP0055
Test_Sample_UDP0056,,,,UDP0056,AACGCACGAG,TATCCGAGGC,DNA,Test_Sample_UDP0056
Test_Sample_UDP0057,,,,UDP0057,TCTATCCTAA,CCAGTCGACG,DNA,Test_Sample_UDP0057
Test_Sample_UDP0058,,,,UDP0058,CTCGCTTCGG,TTGACTAGTA,DNA,Test_Sample_UDP0058
Test_Sample_UDP0059,,,,UDP0059,CTGTTGGTCC,AACGGTCTAT,DNA,Test_Sample_UDP0059
Test_Sample_UDP0060,,,,UDP0060,TTACCTGGAA,CTGGAACTGT,DNA,Test_Sample_UDP0060
Test_Sample_UDP0061,,,,UDP0061,TGGCTAATCA,CTACATGCCT,DNA,Test_Sample_UDP0061
Test_Sample_UDP0062,,,,UDP0062,AACACTGTTA,TGAGACTTGC,DNA,Test_Sample_UDP0062
Test_Sample_UDP0063,,,,UDP0063,ATTGCGCGGT,GCGGAGCCAA,DNA,Test_Sample_UDP0063
Test_Sample_UDP0064,,,,UDP0064,TGGCGCGAAC,AGTATCAGTT,DNA,Test_Sample_UDP0064
Test_Sample_UDP0065,,,,UDP0065,TAATGTGTCT,TATGCCTTAC,DNA,Test_Sample_UDP0065
Test_Sample_UDP0066,,,,UDP0066,ATACCAACGC,CGCAGCAATT,DNA,Test_Sample_UDP0066
Test_Sample_UDP0067,,,,UDP0067,AGGATGTGCT,GGAATTGTAA,DNA,Test_Sample_UDP0067
Test_Sample_UDP0068,,,,UDP0068,CACGGAACAA,GTGCTAGGTT,DNA,Test_Sample_UDP0068
Test_Sample_UDP0069,,,,UDP0069,TGGAGTACTT,TCCACACAGA,DNA,Test_Sample_UDP0069
Test_Sample_UDP0070,,,,UDP0070,GTATTGACGT,TTGGAATTCC,DNA,Test_Sample_UDP0070
Test_Sample_UDP0071,,,,UDP0071,CTTGTACACC,AAGCGCGCTT,DNA,Test_Sample_UDP0071
Test_Sample_UDP0072,,,,UDP0072,ACACAGGTGG,ACAACGCTCA,DNA,Test_Sample_UDP0072
Test_Sample_UDP0073,,,,UDP0073,CCTGCGGAAC,AGCCTATGAT,DNA,Test_Sample_UDP0073
Test_Sample_UDP0074,,,,UDP0074,TTCATAAGGT,CCTTCTAACA,DNA,Test_Sample_UDP0074
Test_Sample_UDP0075,,,,UDP0075,CTCTGCAGCG,TACATCCATC,DNA,Test_Sample_UDP0075
Test_Sample_UDP0076,,,,UDP0076,CTGACTCTAC,TGACGGCCGT,DNA,Test_Sample_UDP0076
Test_Sample_UDP0077,,,,UDP0077,TCTGGTATCC,GTAAGCAACG,DNA,Test_Sample_UDP0077
Test_Sample_UDP0078,,,,UDP0078,CATTAGTGCG,TATGTAGTCA,DNA,Test_Sample_UDP0078
Test_Sample_UDP0079,,,,UDP0079,ACGGTCAGGA,AACGAGGCCG,DNA,Test_Sample_UDP0079
Test_Sample_UDP0080,,,,UDP0080,GGCAAGCCAG,CGGATGCTTG,DNA,Test_Sample_UDP0080
Test_Sample_UDP0081,,,,UDP0081,TGTCGCTGGT,AGTCAGACGA,DNA,Test_Sample_UDP0081
Test_Sample_UDP0082,,,,UDP0082,ACCGTTACAA,TCGCTATGAG,DNA,Test_Sample_UDP0082
Test_Sample_UDP0083,,,,UDP0083,TATGCCTTAC,TAATGTGTCT,DNA,Test_Sample_UDP0083
Test_Sample_UDP0084,,,,UDP0084,ACAAGTGGAC,AACATCGCGC,DNA,Test_Sample_UDP0084
Test_Sample_UDP0085,,,,UDP0085,TGGTACCTAA,AGTACTCATG,DNA,Test_Sample_UDP0085
Test_Sample_UDP0086,,,,UDP0086,TTGGAATTCC,GTATTGACGT,DNA,Test_Sample_UDP0086
Test_Sample_UDP0087,,,,UDP0087,CCTCTACATG,AGGAGGTATC,DNA,Test_Sample_UDP0087
Test_Sample_UDP0088,,,,UDP0088,GGAGCGTGTA,ACTTACGGAT,DNA,Test_Sample_UDP0088
Test_Sample_UDP0089,,,,UDP0089,GTCCGTAAGC,AAGATACACG,DNA,Test_Sample_UDP0089
Test_Sample_UDP0090,,,,UDP0090,ACTTCAAGCG,TTCATGGTTC,DNA,Test_Sample_UDP0090
Test_Sample_UDP0091,,,,UDP0091,TCAGAAGGCG,TATGATGGCC,DNA,Test_Sample_UDP0091
Test_Sample_UDP0092,,,,UDP0092,GCGTTGGTAT,GGAAGTATGT,DNA,Test_Sample_UDP0092
Test_Sample_UDP0093,,,,UDP0093,ACATATCCAG,ATTGCACATA,DNA,Test_Sample_UDP0093
Test_Sample_UDP0094,,,,UDP0094,TCATAGATTG,CACCTTAATC,DNA,Test_Sample_UDP0094
Test_Sample_UDP0095,,,,UDP0095,GTATTCCACC,TTGTCTACAT,DNA,Test_Sample_UDP0095
Test_Sample_UDP0096,,,,UDP0096,CCTCCGTCCA,CACCGATGTG,DNA,Test_Sample_UDP0096
Test_Sample_UDP0097,,,,UDP0097,TGCCGGTCAG,TTGTATCAGG,DNA,Test_Sample_UDP0097
Test_Sample_UDP0098,,,,UDP0098,CACTCAATTC,CACAACTTAA,DNA,Test_Sample_UDP0098
Test_Sample_UDP0099,,,,UDP0099,TCTCACACGC,TCACTGTCCG,DNA,Test_Sample_UDP0099
Test_Sample_UDP0100,,,,UDP0100,TCAATGGAGA,GTTGTAGTGC,DNA,Test_Sample_UDP0100
Test_Sample_UDP0101,,,,UDP0101,ATATGCATGT,CCAGGCACCA,DNA,Test_Sample_UDP0101
Test_Sample_UDP0102,,,,UDP0102,ATGGCGCCTG,AGGCCGTGGA,DNA,Test_Sample_UDP0102
Test_Sample_UDP0103,,,,UDP0103,TCCGTTATGT,TACACTACAA,DNA,Test_Sample_UDP0103
Test_Sample_UDP0104,,,,UDP0104,GGTCTATTAA,CGTGTCGTGG,DNA,Test_Sample_UDP0104
Test_Sample_UDP0105,,,,UDP0105,CAGCAATCGT,ATACATCACA,DNA,Test_Sample_UDP0105
Test_Sample_UDP0106,,,,UDP0106,TTCTGTAGAA,TATTGCGCTC,DNA,Test_Sample_UDP0106
Test_Sample_UDP0107,,,,UDP0107,GAACGCAATA,ACAGTAAGAT,DNA,Test_Sample_UDP0107
Test_Sample_UDP0108,,,,UDP0108,AGTACTCATG,ACCACGACAT,DNA,Test_Sample_UDP0108
Test_Sample_UDP0109,,,,UDP0109,GGTAGAATTA,TGATGGCTAC,DNA,Test_Sample_UDP0109
Test_Sample_UDP0110,,,,UDP0110,TAATTAGCGT,TTCTTAACCA,DNA,Test_Sample_UDP0110
Test_Sample_UDP0111,,,,UDP0111,ATTAACAAGG,ACGAACAACA,DNA,Test_Sample_UDP0111
Test_Sample_UDP0112,,,,UDP0112,TGATGGCTAC,ATGTTGTTGG,DNA,Test_Sample_UDP0112
Test_Sample_UDP0113,,,,UDP0113,GAATTACAAG,CTGAGCCGGT,DNA,Test_Sample_UDP0113
Test_Sample_UDP0114,,,,UDP0114,TAGAATTGGA,TCAGATTAAC,DNA,Test_Sample_UDP0114
Test_Sample_UDP0115,,,,UDP0115,AGGCAGCTCT,ACGTTAGCCG,DNA,Test_Sample_UDP0115
Test_Sample_UDP0116,,,,UDP0116,ATCGGCGAAG,AATTCTTGGA,DNA,Test_Sample_UDP0116
Test_Sample_UDP0117,,,,UDP0117,CCGTGACCGA,CAACGTTCGG,DNA,Test_Sample_UDP0117
Test_Sample_UDP0118,,,,UDP0118,ATACTTGTTC,TCGGCGGTTA,DNA,Test_Sample_UDP0118
Test_Sample_UDP0119,,,,UDP0119,TCCGCCAATT,CAGCACGGAG,DNA,Test_Sample_UDP0119
Test_Sample_UDP0120,,,,UDP0120,AGGACAGGCC,AGCTGGAATG,DNA,Test_Sample_UDP0120
Test_Sample_UDP0121,,,,UDP0121,AGAGAACCTA,TAGCATAACC,DNA,Test_Sample_UDP0121
Test_Sample_UDP0122,,,,UDP0122,GATATTGTGT,ACCGTGTGGT,DNA,Test_Sample_UDP0122
Test_Sample_UDP0123,,,,UDP0123,CGTACAGGAA,AGAGAACCTA,DNA,Test_Sample_UDP0123
Test_Sample_UDP0124,,,,UDP0124,CTGCGTTACC,TCGAGCCATA,DNA,Test_Sample_UDP0124
Test_Sample_UDP0125,,,,UDP0125,AGGCCGTGGA,AACGCACGAG,DNA,Test_Sample_UDP0125
Test_Sample_UDP0126,,,,UDP0126,AGGAGGTATC,TGCCAACTGG,DNA,Test_Sample_UDP0126
Test_Sample_UDP0127,,,,UDP0127,GCTGACGTTG,AATGCGAACA,DNA,Test_Sample_UDP0127
Test_Sample_UDP0128,,,,UDP0128,CTAATAACCG,CGATGCGGTT,DNA,Test_Sample_UDP0128
Test_Sample_UDP0129,,,,UDP0129,TCTAGGCGCG,TTAACCTTCG,DNA,Test_Sample_UDP0129
Test_Sample_UDP0130,,,,UDP0130,ATAGCCAAGA,CAGTGGCACT,DNA,Test_Sample_UDP0130
Test_Sample_UDP0131,,,,UDP0131,TTCGGTGTGA,ATACTTGTTC,DNA,Test_Sample_UDP0131
Test_Sample_UDP0132,,,,UDP0132,ATGTAACGTT,CAGCAATCGT,DNA,Test_Sample_UDP0132
Test_Sample_UDP0133,,,,UDP0133,AACGAGGCCG,ATCCAGGTAT,DNA,Test_Sample_UDP0133
Test_Sample_UDP0134,,,,UDP0134,TGGTGTTATG,TAGAATTGGA,DNA,Test_Sample_UDP0134
Test_Sample_UDP0135,,,,UDP0135,TGGCCTCTGT,CGCTGTCTCA,DNA,Test_Sample_UDP0135
Test_Sample_UDP0136,,,,UDP0136,CCAGGCACCA,TAATTAGCGT,DNA,Test_Sample_UDP0136
Test_Sample_UDP0137,,,,UDP0137,CCGGTTCCTA,CTCGAATATA,DNA,Test_Sample_UDP0137
Test_Sample_UDP0138,,,,UDP0138,GGCCAATATT,TATCGGACCG,DNA,Test_Sample_UDP0138
Test_Sample_UDP0139,,,,UDP0139,GAATACCTAT,ACTCTATTGT,DNA,Test_Sample_UDP0139
Test_Sample_UDP0140,,,,UDP0140,TACGTGAAGG,CTAATAACCG,DNA,Test_Sample_UDP0140
Test_Sample_UDP0141,,,,UDP0141,CTTATTGGCC,ACTTGTTATC,DNA,Test_Sample_UDP0141
Test_Sample_UDP0142,,,,UDP0142,ACAACTACTG,TGTGATAACT,DNA,Test_Sample_UDP0142
Test_Sample_UDP0143,,,,UDP0143,GTTGGATGAA,TTACCTGGAA,DNA,Test_Sample_UDP0143
Test_Sample_UDP0144,,,,UDP0144,AATCCAATTG,CCTCTACATG,DNA,Test_Sample_UDP0144
Test_Sample_UDP0145,,,,UDP0145,TATGATGGCC,TATGACAATC,DNA,Test_Sample_UDP0145
Test_Sample_UDP0146,,,,UDP0146,CGCAGCAATT,ATAGCGGAAT,DNA,Test_Sample_UDP0146
Test_Sample_UDP0147,,,,UDP0147,ACGTTCCTTA,CACAGCGGTC,DNA,Test_Sample_UDP0147
Test_Sample_UDP0148,,,,UDP0148,CCGCGTATAG,CCGGTTCCTA,DNA,Test_Sample_UDP0148
Test_Sample_UDP0149,,,,UDP0149,GATTCTGAAT,GTCCACCGCT,DNA,Test_Sample_UDP0149
Test_Sample_UDP0150,,,,UDP0150,TAGAGAATAC,CGAATCTATA,DNA,Test_Sample_UDP0150
Test_Sample_UDP0151,,,,UDP0151,TTGTATCAGG,TGGCCTCTGT,DNA,Test_Sample_UDP0151
Test_Sample_UDP0152,,,,UDP0152,CACAGCGGTC,CAATAGGAAT,DNA,Test_Sample_UDP0152
Test_Sample_UDP0153,,,,UDP0153,CCACGCTGAA,CTGAGGAATA,DNA,Test_Sample_UDP0153
Test_Sample_UDP0154,,,,UDP0154,GTTCGGAGTT,TCAGAAGGCG,DNA,Test_Sample_UDP0154
Test_Sample_UDP0155,,,,UDP0155,ATAGCGGAAT,TACTCTGCGC,DNA,Test_Sample_UDP0155
Test_Sample_UDP0156,,,,UDP0156,GCAATATTCA,AATTGGCGCC,DNA,Test_Sample_UDP0156
Test_Sample_UDP0157,,,,UDP0157,CTAGATTGCG,CGCCATATCT,DNA,Test_Sample_UDP0157
Test_Sample_UDP0158,,,,UDP0158,CGATGCGGTT,ACCAAGCAGG,DNA,Test_Sample_UDP0158
Test_Sample_UDP0159,,,,UDP0159,TCCGGACTAG,ATTGTTCGTC,DNA,Test_Sample_UDP0159
Test_Sample_UDP0160,,,,UDP0160,GTGACGGAGC,TGGACCGCCA,DNA,Test_Sample_UDP0160
Test_Sample_UDP0161,,,,UDP0161,AATTCCATCT,GTAACTGAAG,DNA,Test_Sample_UDP0161
Test_Sample_UDP0162,,,,UDP0162,TTAACGGTGT,ACGGTCAGGA,DNA,Test_Sample_UDP0162
Test_Sample_UDP0163,,,,UDP0163,ACTTGTTATC,TCTAGGCGCG,DNA,Test_Sample_UDP0163
Test_Sample_UDP0164,,,,UDP0164,CGTGTACCAG,AACTTATCCT,DNA,Test_Sample_UDP0164
Test_Sample_UDP0165,,,,UDP0165,TTAACCTTCG,TGTCTGGCCT,DNA,Test_Sample_UDP0165
Test_Sample_UDP0166,,,,UDP0166,CATATGCGAT,CCGTTCAAGG,DNA,Test_Sample_UDP0166
Test_Sample_UDP0167,,,,UDP0167,AGCCTATGAT,GTAGGTGGTG,DNA,Test_Sample_UDP0167
Test_Sample_UDP0168,,,,UDP0168,TATGACAATC,ATACAAGCAA,DNA,Test_Sample_UDP0168
Test_Sample_UDP0169,,,,UDP0169,ATGTTGTTGG,TCATAGATTG,DNA,Test_Sample_UDP0169
Test_Sample_UDP0170,,,,UDP0170,GCACCACCAA,ATCAGTACCA,DNA,Test_Sample_UDP0170
Test_Sample_UDP0171,,,,UDP0171,AGGCGTTCGC,GTTGGATGAA,DNA,Test_Sample_UDP0171
Test_Sample_UDP0172,,,,UDP0172,CCTCCGGTTG,TGGTGTTATG,DNA,Test_Sample_UDP0172
Test_Sample_UDP0173,,,,UDP0173,GTCCACCGCT,GCTAATAGGA,DNA,Test_Sample_UDP0173
Test_Sample_UDP0174,,,,UDP0174,ATTGTTCGTC,AATCTAGAGA,DNA,Test_Sample_UDP0174
Test_Sample_UDP0175,,,,UDP0175,GGACCAGTGG,TAGGCTCGCG,DNA,Test_Sample_UDP0175
Test_Sample_UDP0176,,,,UDP0176,CCTTCTAACA,AGAGCTTATC,DNA,Test_Sample_UDP0176
Test_Sample_UDP0177,,,,UDP0177,CTCGAATATA,TCGACATCTC,DNA,Test_Sample_UDP0177
Test_Sample_UDP0178,,,,UDP0178,GATCGTCGCG,ACATATCCAG,DNA,Test_Sample_UDP0178
Test_Sample_UDP0179,,,,UDP0179,TATCCGAGGC,CTTATTGGCC,DNA,Test_Sample_UDP0179
Test_Sample_UDP0180,,,,UDP0180,CGCTGTCTCA,GGTGAGTAAT,DNA,Test_Sample_UDP0180
Test_Sample_UDP0181,,,,UDP0181,AATGCGAACA,TCCGCCAATT,DNA,Test_Sample_UDP0181
Test_Sample_UDP0182,,,,UDP0182,AATTCTTGGA,AAGTTGACAA,DNA,Test_Sample_UDP0182
Test_Sample_UDP0183,,,,UDP0183,TTCCTACAGC,AGAATTCGCC,DNA,Test_Sample_UDP0183
Test_Sample_UDP0184,,,,UDP0184,ATCCAGGTAT,GCTGACGTTG,DNA,Test_Sample_UDP0184
Test_Sample_UDP0185,,,,UDP0185,ACGGTCCAAC,TGATGTAAGA,DNA,Test_Sample_UDP0185
Test_Sample_UDP0186,,,,UDP0186,GTAACTTGGT,AGGTATGGCG,DNA,Test_Sample_UDP0186
Test_Sample_UDP0187,,,,UDP0187,AGCGCCACAC,AAGACATTAG,DNA,Test_Sample_UDP0187
Test_Sample_UDP0188,,,,UDP0188,TGCTACTGCC,CCTCCGGTTG,DNA,Test_Sample_UDP0188
Test_Sample_UDP0189,,,,UDP0189,CAACACCGCA,TGCTACTGCC,DNA,Test_Sample_UDP0189
Test_Sample_UDP0190,,,,UDP0190,CACCTTAATC,TCTATCCTAA,DNA,Test_Sample_UDP0190
Test_Sample_UDP0191,,,,UDP0191,TTGAATGTTG,CTAGATTGCG,DNA,Test_Sample_UDP0191
Test_Sample_UDP0192,,,,UDP0192,CCGGTAACAC,AGTACAACTC,DNA,Test_Sample_UDP0192
